"","comp1","comp2","oneNotInTwo","twoNotInOne","nodeDiff","tipDiff"
"1","chimp","human","Tips in read.tree(animal1) not in read.tree(animal2) : ZNF718.","Tips in read.tree(animal2) not in read.tree(animal1) : ZNF557, ZNF311, ZNF100, ZNF730, ZNF735, ZNF41.","Trees have different numbers of nodes: 273 and 279.","Trees have different numbers of tips: 276 and 281."
"2","chimp","marmoset","Tips in read.tree(animal1) not in read.tree(animal2) : ZNF354B, ZNF114, ZNF77, ZNF556, AC119403.1, ZNF705G, ZNF705B, ZNF705D, ZNF705A, ZNF487, ZNF782, ZNF585B, ZNF222, ZNF774, ZNF544, ZNF169, ZNF808, ZNF324B, ZNF416, ZNF671, ZNF772, ZNF530, ZNF551, ZNF17, POGK, ZNF850, ZFP14, ZNF780B, ZNF780A, ZNF181, ZNF720, ZNF727, ZNF736, ZNF595, ZNF519, ZNF141, ZNF732, ZNF679, ZNF716, ZNF479, ZNF676, ZNF492, ZNF729, ZNF724, ZNF91, ZNF680, ZNF92, ZNF98, ZNF254, ZNF430, ZNF714, ZNF208, ZNF728, AC011503.1, ZNF85, ZNF675, ZNF681, ZNF253, ZNF486, ZNF90, ZNF66, ZNF626, ZNF506, ZNF93, ZNF737, ZNF347, ZNF880, ZNF528, ZNF534, ZNF677, ZNF761, ZNF765, ZNF578, ZNF816, ZNF813, AC022150.1, ZNF845.","Tips in read.tree(animal2) not in read.tree(animal1) : ZNF730, ZNF311, ZNF41, ZNF557.","Trees have different numbers of nodes: 273 and 201.","Trees have different numbers of tips: 276 and 203."
"3","human","chimp","Tips in read.tree(animal1) not in read.tree(animal2) : ZNF557, ZNF311, ZNF100, ZNF730, ZNF735, ZNF41.","Tips in read.tree(animal2) not in read.tree(animal1) : ZNF718.","Trees have different numbers of nodes: 279 and 273.","Trees have different numbers of tips: 281 and 276."
"4","human","marmoset","Tips in read.tree(animal1) not in read.tree(animal2) : ZNF705G, ZNF705B, ZNF705D, ZNF705A, ZNF114, ZNF222, ZNF556, ZNF77, AC119403.1, ZNF354B, ZNF324B, ZNF530, ZNF772, ZNF671, ZNF551, ZNF17, ZNF416, ZNF774, ZNF169, ZNF544, ZNF780B, ZNF780A, POGK, ZNF850, ZFP14, ZNF181, ZNF727, ZNF736, ZNF720, ZNF66, ZNF93, ZNF626, ZNF737, ZNF506, ZNF253, ZNF486, ZNF90, ZNF729, ZNF681, ZNF680, ZNF92, ZNF85, ZNF675, ZNF676, ZNF492, ZNF430, ZNF100, ZNF724, ZNF98, ZNF714, AC011503.1, ZNF254, ZNF91, ZNF208, ZNF728, ZNF679, ZNF716, ZNF735, ZNF479, ZNF732, ZNF141, ZNF595, ZNF519, ZNF880, ZNF528, ZNF534, ZNF845, AC022150.1, ZNF816, ZNF578, ZNF808, ZNF761, ZNF677, ZNF765, ZNF813, ZNF347, ZNF782, ZNF487, ZNF585B.","Tips in read.tree(animal2) not in read.tree(animal1) : ZNF718.","Trees have different numbers of nodes: 279 and 201.","Trees have different numbers of tips: 281 and 203."
"5","marmoset","chimp","Tips in read.tree(animal1) not in read.tree(animal2) : ZNF730, ZNF311, ZNF41, ZNF557.","Tips in read.tree(animal2) not in read.tree(animal1) : ZNF354B, ZNF114, ZNF77, ZNF556, AC119403.1, ZNF705G, ZNF705B, ZNF705D, ZNF705A, ZNF487, ZNF782, ZNF585B, ZNF222, ZNF774, ZNF544, ZNF169, ZNF808, ZNF324B, ZNF416, ZNF671, ZNF772, ZNF530, ZNF551, ZNF17, POGK, ZNF850, ZFP14, ZNF780B, ZNF780A, ZNF181, ZNF720, ZNF727, ZNF736, ZNF595, ZNF519, ZNF141, ZNF732, ZNF679, ZNF716, ZNF479, ZNF676, ZNF492, ZNF729, ZNF724, ZNF91, ZNF680, ZNF92, ZNF98, ZNF254, ZNF430, ZNF714, ZNF208, ZNF728, AC011503.1, ZNF85, ZNF675, ZNF681, ZNF253, ZNF486, ZNF90, ZNF66, ZNF626, ZNF506, ZNF93, ZNF737, ZNF347, ZNF880, ZNF528, ZNF534, ZNF677, ZNF761, ZNF765, ZNF578, ZNF816, ZNF813, AC022150.1, ZNF845.","Trees have different numbers of nodes: 201 and 273.","Trees have different numbers of tips: 203 and 276."
"6","marmoset","human","Tips in read.tree(animal1) not in read.tree(animal2) : ZNF718.","Tips in read.tree(animal2) not in read.tree(animal1) : ZNF705G, ZNF705B, ZNF705D, ZNF705A, ZNF114, ZNF222, ZNF556, ZNF77, AC119403.1, ZNF354B, ZNF324B, ZNF530, ZNF772, ZNF671, ZNF551, ZNF17, ZNF416, ZNF774, ZNF169, ZNF544, ZNF780B, ZNF780A, POGK, ZNF850, ZFP14, ZNF181, ZNF727, ZNF736, ZNF720, ZNF66, ZNF93, ZNF626, ZNF737, ZNF506, ZNF253, ZNF486, ZNF90, ZNF729, ZNF681, ZNF680, ZNF92, ZNF85, ZNF675, ZNF676, ZNF492, ZNF430, ZNF100, ZNF724, ZNF98, ZNF714, AC011503.1, ZNF254, ZNF91, ZNF208, ZNF728, ZNF679, ZNF716, ZNF735, ZNF479, ZNF732, ZNF141, ZNF595, ZNF519, ZNF880, ZNF528, ZNF534, ZNF845, AC022150.1, ZNF816, ZNF578, ZNF808, ZNF761, ZNF677, ZNF765, ZNF813, ZNF347, ZNF782, ZNF487, ZNF585B.","Trees have different numbers of nodes: 201 and 279.","Trees have different numbers of tips: 203 and 281."
